{
  "version": 1,
  "author": "Anonymous maker",
  "editor": "wokwi",
  "parts": [
    { "type": "wokwi-arduino-uno", "id": "uno", "top": 39, "left": 28.2, "attrs": {} },
    { "type": "wokwi-servo", "id": "servo1", "top": -98, "left": 57.6, "attrs": {} },
    {
      "type": "wokwi-pushbutton",
      "id": "btn1",
      "top": 15.8,
      "left": -268.8,
      "attrs": { "color": "green", "xray": "1" }
    },
    {
      "type": "wokwi-led",
      "id": "led1",
      "top": 111.6,
      "left": -255.4,
      "attrs": { "color": "red" }
    },
    {
      "type": "wokwi-resistor",
      "id": "r1",
      "top": 206.4,
      "left": -278.95,
      "rotate": 90,
      "attrs": { "value": "220" }
    }
  ],
  "connections": [
    [ "servo1:GND", "uno:GND.3", "black", [ "h-28.8", "v0", "h-76.8", "v316.8", "h230.4" ] ],
    [ "servo1:V+", "uno:5V", "green", [ "h-67.2", "v288.1", "h172.8" ] ],
    [ "servo1:PWM", "uno:9", "green", [ "h-38.4", "v57.8", "h163.2" ] ],
    [ "led1:C", "r1:1", "green", [ "v0" ] ],
    [ "led1:A", "uno:6", "green", [ "v172.8", "h681.6", "v-307.2", "h-211.2" ] ],
    [ "r1:2", "uno:GND.2", "green", [ "h0", "v56.4", "h460.8" ] ],
    [ "btn1:2.l", "uno:2", "green", [ "h-28.8", "v-47.8", "h556.8" ] ],
    [ "uno:GND.1", "btn1:1.r", "black", [ "v-28.8", "h-354.9" ] ]
  ],
  "dependencies": {}
}